<?xml version="1.0" encoding="UTF-8"?>
<beans xmlns="http://www.springframework.org/schema/beans"
	xmlns:xsi="http://www.w3.org/2001/XMLSchema-instance"
	xsi:schemaLocation="http://www.springframework.org/schema/beans
        http://www.springframework.org/schema/beans/spring-beans.xsd">
	<!-- <bean id="helloControl" class="org.chengbin.struts2.SpringAction"></bean> -->
	<bean id="seaService" class="com.doper.card.service.sea.impl.SeaServiceImpl">
	</bean>
	 <bean id="seaDao" class="com.doper.card.dao.sea.SeaDao">
		 <property name="commonDao" ref="commonDao"></property>
		 <property name="veDao" ref="veDao"></property>
		<property name="jedisTransactionDao"  ref="jedisTransactionDao"></property>
		<property name="jedisDisposableDao"  ref="jedisDisposableDao"></property>
	  </bean>
</beans>