<?xml version="1.0" encoding="UTF-8"?>
<beans xmlns="http://www.springframework.org/schema/beans"
	xmlns:xsi="http://www.w3.org/2001/XMLSchema-instance"
	xsi:schemaLocation="http://www.springframework.org/schema/beans
        http://www.springframework.org/schema/beans/spring-beans.xsd">
	<!-- <bean id="helloControl" class="org.chengbin.struts2.SpringAction"></bean> -->



	<!-- 用户资产类服务 -->
	<!-- 充值金额转金币 -->
	<bean id="moneyTransFormGoldService"
		class="com.doper.card.service.userAsset.impl.MoneyTransFormGoldService"></bean>
	<!-- 充值人民币 -->
	<bean id="moneyAddTransFormService"
		class="com.doper.card.service.userAsset.impl.MoneyAddTransFormService"></bean>
	<!-- 资产工厂类 -->
	<bean id="assetAdapterFActoryService"
		class="com.doper.card.service.userAsset.impl.DefaultAssetAdapterFactory"></bean>
	<!-- 充值和代充值 -->
	<bean id="userRechargeService"
		class="com.doper.card.service.userRecharge.impl.UserRechargeServiceImpl"></bean>

	<!-- 代充值返点 -->
	<bean id="merchantAmountService" class="com.doper.card.service.businessTrans.impl.RechargeTransBusinessService"></bean>
	
</beans>