<?xml version="1.0" encoding="UTF-8"?>  
<!DOCTYPE hibernate-configuration PUBLIC "-//Hibernate/Hibernate Configuration DTD 3.0//EN"  "http://hibernate.sourceforge.net/hibernate-configuration-3.0.dtd">  
	<hibernate-configuration>  
	    <session-factory name="HibernateSessionFactory">  
	        <property name="hibernate.connection.driver_class">com.mysql.jdbc.Driver</property>
	        <property name="hibernate.connection.password">!qAz2wsx,./</property>
	        <property name="hibernate.connection.url">jdbc:mysql://101.200.89.206:3306/doperlog?characterEncoding=utf8</property>
	        <property name="hibernate.connection.username">root</property>
	        <property name="hibernate.dialect">org.hibernate.dialect.MySQLDialect</property>
	        <property name="hibernate.show_sql">true</property>
	        <!-- 最 大连接数 -->  
	        <property name="hibernate.c3p0.max_size">2</property>  
	        <!-- 最 小连接数 -->  
	        <property name="hibernate.c3p0.min_size">1</property> 
	        <!-- 获 得连接的超时时间,如果超过这个时间,会抛出异常，单位毫秒 -->  
	        <property name="hibernate.c3p0.timeout">120</property>
	        <!-- 最 大的PreparedStatement的数量 -->  
	        <property name="hibernate.c3p0.max_statements">10</property>
	        <!-- 每 隔120秒检查连接池里的空闲连接 ，单位是秒-->  
	        <property name="hibernate.c3p0.idle_test_period">120</property>  
	        <!-- 当 连接池里面的连接用完的时候，C3P0一下获取的新的连接数 -->   
	        <property name="hibernate.c3p0.acquire_increment">1</property>  
	        <!-- 每 次都验证连接是否可用 -->  
	        <property name="hibernate.c3p0.validate">true</property> 
	        <property name="hibernate.connection.autocommit">true</property>  
	        <property name="hibernate.current_session_context_class">org.springframework.orm.hibernate4.SpringSessionContext</property>
	    </session-factory>
	    
	    
	    
	</hibernate-configuration>  
