<?xml version="1.0" encoding="utf-8"?>
<!DOCTYPE hibernate-mapping PUBLIC "-//Hibernate/Hibernate Mapping DTD 3.0//EN"
"http://www.hibernate.org/dtd/hibernate-mapping-3.0.dtd">
<!-- 
    Mapping file autogenerated by MyEclipse Persistence Tools
-->
<hibernate-mapping package="com.newCloud.activity.po">
    <class name="ActRuTask" table="act_ru_task" >
        <id name="id" type="java.lang.String">
            <column name="ID_" length="64" />
            <generator class="native"></generator>
        </id>
        <property name="rev" type="java.lang.Integer">
            <column name="REV_" />
        </property>
        <property name="executionId" type="java.lang.String">
            <column name="EXECUTION_ID_" length="64" />
        </property>
        <property name="procInstId" type="java.lang.String">
            <column name="PROC_INST_ID_" length="64" />
        </property>
        <property name="procDefId" type="java.lang.String">
            <column name="PROC_DEF_ID_" length="64" />
        </property>
        <property name="name" type="java.lang.String">
            <column name="NAME_" />
        </property>
        <property name="parentTaskId" type="java.lang.String">
            <column name="PARENT_TASK_ID_" length="64" />
        </property>
        <property name="description" type="java.lang.String">
            <column name="DESCRIPTION_" length="4000" />
        </property>
        <property name="taskDefKey" type="java.lang.String">
            <column name="TASK_DEF_KEY_" />
        </property>
        <property name="owner" type="java.lang.String">
            <column name="OWNER_" />
        </property>
        <property name="assignee" type="java.lang.String">
            <column name="ASSIGNEE_" />
        </property>
        <property name="delegation" type="java.lang.String">
            <column name="DELEGATION_" length="64" />
        </property>
        <property name="priority" type="java.lang.Integer">
            <column name="PRIORITY_" />
        </property>
        <property name="createTime" type="java.sql.Timestamp">
            <column name="CREATE_TIME_" length="19" />
        </property>
        <property name="dueDate" type="java.sql.Timestamp">
            <column name="DUE_DATE_" length="19" />
        </property>
        <property name="category" type="java.lang.String">
            <column name="CATEGORY_" />
        </property>
        <property name="suspensionState" type="java.lang.Integer">
            <column name="SUSPENSION_STATE_" />
        </property>
        <property name="tenantId" type="java.lang.String">
            <column name="TENANT_ID_" />
        </property>
        <property name="formKey" type="java.lang.String">
            <column name="FORM_KEY_" />
        </property>
    </class>
</hibernate-mapping>
