<?xml version="1.0" encoding="utf-8"?>
<!DOCTYPE hibernate-mapping PUBLIC "-//Hibernate/Hibernate Mapping DTD 3.0//EN"
"http://www.hibernate.org/dtd/hibernate-mapping-3.0.dtd">
<!-- 
    Mapping file autogenerated by MyEclipse Persistence Tools
-->
<hibernate-mapping package="com.newCloud.activity.po">
    <class name="ActTestTable" table="act_test_table" catalog="activitydatabase">
        <id name="id" type="java.lang.Integer">
            <column name="id" />
            <generator class="native"></generator>
        </id>
        <property name="name" type="java.lang.String">
            <column name="name" length="32">
                <comment>名称</comment>
            </column>
        </property>
        <property name="sex" type="java.lang.String">
            <column name="sex" length="2" />
        </property>
    </class>
</hibernate-mapping>
